{
    "activations": {
        "heap_overlay_pool": {
            "activation_alignment": 4,
            "buffer_data_size": 0,
            "buffer_offsets": [
                {
                    "buffer_name": "serving_default_keras_tensor0_output_array",
                    "offset": 0,
                    "size": 512
                },
                {
                    "buffer_name": "gemm_0_output_array",
                    "offset": 512,
                    "size": 64
                },
                {
                    "buffer_name": "nl_0_nl_output_array",
                    "offset": 0,
                    "size": 64
                },
                {
                    "buffer_name": "gemm_1_output_array",
                    "offset": 64,
                    "size": 64
                },
                {
                    "buffer_name": "nl_1_nl_output_array",
                    "offset": 0,
                    "size": 64
                },
                {
                    "buffer_name": "gemm_2_output_array",
                    "offset": 64,
                    "size": 4
                },
                {
                    "buffer_name": "nl_3_output_array",
                    "offset": 0,
                    "size": 4
                }
            ],
            "data_alignment": 4,
            "pool_id": 0,
            "pool_size": -1,
            "used_size": 576
        }
    },
    "activations_alignment": 4,
    "arguments": "generate --target stm32l4 --name network -m C:/Users/user/PycharmProjects/pythonProject2/.venv/Lib/model.tflite --compression none --verbosity 1 --allocate-inputs --allocate-outputs --workspace C:/Users/user/AppData/Local/Temp/mxAI_workspace3181673066660014442583673831425790 --output C:/Users/user/.stm32cubemx/network_output",
    "c_activations_count": 1,
    "c_arrays": [
        {
            "c_bits": 32,
            "c_id": 0,
            "c_mem_pool": "weights",
            "c_size_in_byte": 64,
            "c_type": "const float",
            "format": "float",
            "is_const": true,
            "mem_pool": "weights",
            "n_items": 16,
            "name": "gemm_0_bias_array",
            "offset": 8192,
            "scale": [],
            "size": 16,
            "tensors": [
                {
                    "name": "gemm_0_bias",
                    "shape": [
                        16
                    ]
                }
            ],
            "zeropoint": [],
            "zeros": 0
        },
        {
            "c_bits": 32,
            "c_id": 1,
            "c_mem_pool": "**default**",
            "c_size_in_byte": 64,
            "c_type": "float",
            "format": "float",
            "is_const": false,
            "mem_pool": "activations",
            "n_items": 16,
            "name": "gemm_0_output_array",
            "offset": 512,
            "scale": [],
            "size": 16,
            "tensors": [
                {
                    "name": "gemm_0_output",
                    "shape": [
                        16
                    ]
                }
            ],
            "zeropoint": []
        },
        {
            "c_bits": 32,
            "c_id": 2,
            "c_mem_pool": "weights",
            "c_size_in_byte": 8192,
            "c_type": "const float",
            "format": "float",
            "is_const": true,
            "mem_pool": "weights",
            "n_items": 2048,
            "name": "gemm_0_weights_array",
            "offset": 0,
            "scale": [],
            "size": 2048,
            "tensors": [
                {
                    "name": "gemm_0_weights",
                    "shape": [
                        16,
                        128
                    ]
                }
            ],
            "zeropoint": [],
            "zeros": 0
        },
        {
            "c_bits": 32,
            "c_id": 3,
            "c_mem_pool": "weights",
            "c_size_in_byte": 64,
            "c_type": "const float",
            "format": "float",
            "is_const": true,
            "mem_pool": "weights",
            "n_items": 16,
            "name": "gemm_1_bias_array",
            "offset": 9280,
            "scale": [],
            "size": 16,
            "tensors": [
                {
                    "name": "gemm_1_bias",
                    "shape": [
                        16
                    ]
                }
            ],
            "zeropoint": [],
            "zeros": 0
        },
        {
            "c_bits": 32,
            "c_id": 4,
            "c_mem_pool": "**default**",
            "c_size_in_byte": 64,
            "c_type": "float",
            "format": "float",
            "is_const": false,
            "mem_pool": "activations",
            "n_items": 16,
            "name": "gemm_1_output_array",
            "offset": 64,
            "scale": [],
            "size": 16,
            "tensors": [
                {
                    "name": "gemm_1_output",
                    "shape": [
                        16
                    ]
                }
            ],
            "zeropoint": []
        },
        {
            "c_bits": 32,
            "c_id": 5,
            "c_mem_pool": "weights",
            "c_size_in_byte": 1024,
            "c_type": "const float",
            "format": "float",
            "is_const": true,
            "mem_pool": "weights",
            "n_items": 256,
            "name": "gemm_1_weights_array",
            "offset": 8256,
            "scale": [],
            "size": 256,
            "tensors": [
                {
                    "name": "gemm_1_weights",
                    "shape": [
                        16,
                        16
                    ]
                }
            ],
            "zeropoint": [],
            "zeros": 0
        },
        {
            "c_bits": 32,
            "c_id": 6,
            "c_mem_pool": "weights",
            "c_size_in_byte": 4,
            "c_type": "const float",
            "format": "float",
            "is_const": true,
            "mem_pool": "weights",
            "n_items": 1,
            "name": "gemm_2_bias_array",
            "offset": 9408,
            "scale": [],
            "size": 1,
            "tensors": [
                {
                    "name": "gemm_2_bias",
                    "shape": [
                        1
                    ]
                }
            ],
            "zeropoint": [],
            "zeros": 0
        },
        {
            "c_bits": 32,
            "c_id": 7,
            "c_mem_pool": "**default**",
            "c_size_in_byte": 4,
            "c_type": "float",
            "format": "float",
            "is_const": false,
            "mem_pool": "activations",
            "n_items": 1,
            "name": "gemm_2_output_array",
            "offset": 64,
            "scale": [],
            "size": 1,
            "tensors": [
                {
                    "name": "gemm_2_output",
                    "shape": [
                        1
                    ]
                }
            ],
            "zeropoint": []
        },
        {
            "c_bits": 32,
            "c_id": 8,
            "c_mem_pool": "weights",
            "c_size_in_byte": 64,
            "c_type": "const float",
            "format": "float",
            "is_const": true,
            "mem_pool": "weights",
            "n_items": 16,
            "name": "gemm_2_weights_array",
            "offset": 9344,
            "scale": [],
            "size": 16,
            "tensors": [
                {
                    "name": "gemm_2_weights",
                    "shape": [
                        1,
                        16
                    ]
                }
            ],
            "zeropoint": [],
            "zeros": 0
        },
        {
            "c_bits": 32,
            "c_id": 9,
            "c_mem_pool": "**default**",
            "c_size_in_byte": 64,
            "c_type": "float",
            "format": "float",
            "is_const": false,
            "mem_pool": "activations",
            "n_items": 16,
            "name": "nl_0_nl_output_array",
            "offset": 0,
            "scale": [],
            "size": 16,
            "tensors": [
                {
                    "name": "nl_0_nl_output",
                    "shape": [
                        16
                    ]
                }
            ],
            "zeropoint": []
        },
        {
            "c_bits": 32,
            "c_id": 10,
            "c_mem_pool": "**default**",
            "c_size_in_byte": 64,
            "c_type": "float",
            "format": "float",
            "is_const": false,
            "mem_pool": "activations",
            "n_items": 16,
            "name": "nl_1_nl_output_array",
            "offset": 0,
            "scale": [],
            "size": 16,
            "tensors": [
                {
                    "name": "nl_1_nl_output",
                    "shape": [
                        16
                    ]
                }
            ],
            "zeropoint": []
        },
        {
            "c_bits": 32,
            "c_id": 11,
            "c_mem_pool": "**default**",
            "c_size_in_byte": 4,
            "c_type": "float",
            "format": "float",
            "io_type": "output",
            "is_const": false,
            "mem_pool": "activations",
            "n_items": 1,
            "name": "nl_3_output_array",
            "offset": 0,
            "scale": [],
            "size": 1,
            "tensors": [
                {
                    "name": "nl_3_output",
                    "shape": [
                        1
                    ]
                }
            ],
            "zeropoint": []
        },
        {
            "c_bits": 32,
            "c_id": 12,
            "c_mem_pool": "**default**",
            "c_size_in_byte": 512,
            "c_type": "float",
            "format": "float",
            "io_type": "input",
            "is_const": false,
            "mem_pool": "activations",
            "n_items": 128,
            "name": "serving_default_keras_tensor0_output_array",
            "offset": 0,
            "scale": [],
            "size": 128,
            "tensors": [
                {
                    "name": "serving_default_keras_tensor0_output",
                    "shape": [
                        128
                    ]
                }
            ],
            "zeropoint": []
        }
    ],
    "c_arrays_n": 13,
    "c_layers": [
        {
            "c_forward": [
                "forward_dense"
            ],
            "c_id": 0,
            "is_wrapped": "",
            "layer_type": "Dense",
            "m_id": 0,
            "macc": 2064,
            "name": "gemm_0",
            "op_by_type": {
                "smul_f32_f32": 2064
            },
            "rom": 8256,
            "tensors": {
                "inputs": [
                    "serving_default_keras_tensor0_output"
                ],
                "outputs": [
                    "gemm_0_output"
                ],
                "scratchs": [],
                "weights": [
                    "gemm_0_weights",
                    "gemm_0_bias"
                ]
            },
            "weight_sparsity": [
                0.0,
                2064,
                0
            ]
        },
        {
            "c_forward": [
                "forward_relu"
            ],
            "c_id": 1,
            "is_wrapped": "",
            "layer_type": "Nonlinearity",
            "m_id": 0,
            "macc": 16,
            "name": "nl_0_nl",
            "op_by_type": {
                "op_f32_f32": 16
            },
            "rom": 0,
            "tensors": {
                "inputs": [
                    "gemm_0_output"
                ],
                "outputs": [
                    "nl_0_nl_output"
                ],
                "scratchs": [],
                "weights": []
            },
            "weight_sparsity": [
                0.0,
                1,
                0
            ]
        },
        {
            "c_forward": [
                "forward_dense"
            ],
            "c_id": 2,
            "is_wrapped": "",
            "layer_type": "Dense",
            "m_id": 1,
            "macc": 272,
            "name": "gemm_1",
            "op_by_type": {
                "smul_f32_f32": 272
            },
            "rom": 1088,
            "tensors": {
                "inputs": [
                    "nl_0_nl_output"
                ],
                "outputs": [
                    "gemm_1_output"
                ],
                "scratchs": [],
                "weights": [
                    "gemm_1_weights",
                    "gemm_1_bias"
                ]
            },
            "weight_sparsity": [
                0.0,
                272,
                0
            ]
        },
        {
            "c_forward": [
                "forward_relu"
            ],
            "c_id": 3,
            "is_wrapped": "",
            "layer_type": "Nonlinearity",
            "m_id": 1,
            "macc": 16,
            "name": "nl_1_nl",
            "op_by_type": {
                "op_f32_f32": 16
            },
            "rom": 0,
            "tensors": {
                "inputs": [
                    "gemm_1_output"
                ],
                "outputs": [
                    "nl_1_nl_output"
                ],
                "scratchs": [],
                "weights": []
            },
            "weight_sparsity": [
                0.0,
                1,
                0
            ]
        },
        {
            "c_forward": [
                "forward_dense"
            ],
            "c_id": 4,
            "is_wrapped": "",
            "layer_type": "Dense",
            "m_id": 2,
            "macc": 17,
            "name": "gemm_2",
            "op_by_type": {
                "smul_f32_f32": 17
            },
            "rom": 68,
            "tensors": {
                "inputs": [
                    "nl_1_nl_output"
                ],
                "outputs": [
                    "gemm_2_output"
                ],
                "scratchs": [],
                "weights": [
                    "gemm_2_weights",
                    "gemm_2_bias"
                ]
            },
            "weight_sparsity": [
                0.0,
                17,
                0
            ]
        },
        {
            "c_forward": [
                "forward_sigmoid"
            ],
            "c_id": 5,
            "is_wrapped": "",
            "layer_type": "Nonlinearity",
            "m_id": 3,
            "macc": 10,
            "name": "nl_3",
            "op_by_type": {
                "op_f32_f32": 10
            },
            "rom": 0,
            "tensors": {
                "inputs": [
                    "gemm_2_output"
                ],
                "outputs": [
                    "nl_3_output"
                ],
                "scratchs": [],
                "weights": []
            },
            "weight_sparsity": [
                0.0,
                1,
                0
            ]
        }
    ],
    "c_name": "network",
    "c_nodes_n": 6,
    "c_weights_count": 1,
    "c_weights_header": 0,
    "compilation_options": {
        "compression": "none",
        "optimization": "balanced",
        "options": [
            "allocate-inputs",
            "allocate-outputs"
        ]
    },
    "data_alignment": 4,
    "date_time": "Sun Jun 16 20:06:59 2024",
    "inputs": [
        "serving_default_keras_tensor0_output"
    ],
    "macc": 2395,
    "memory_footprint": {
        "activations": 576,
        "io": [
            0,
            0
        ],
        "series": "generic",
        "weights": 9412
    },
    "memory_pools": [],
    "model_fmt": "float",
    "model_name": "model",
    "model_signature": "0xdf8d1aeb761ef6e7b2a2435ae449891d",
    "outputs": [
        "nl_3_output"
    ],
    "st_ai_version": "9.0.0-19802",
    "tool_version": "9.0.0-19802",
    "type": "tflite",
    "version": "1.2",
    "weights": {
        "weights_array": {
            "buffer_data_size": 9412,
            "buffer_offsets": [
                {
                    "buffer_name": "gemm_0_bias_array",
                    "offset": 8192,
                    "size": 64
                },
                {
                    "buffer_name": "gemm_0_weights_array",
                    "offset": 0,
                    "size": 8192
                },
                {
                    "buffer_name": "gemm_1_bias_array",
                    "offset": 9280,
                    "size": 64
                },
                {
                    "buffer_name": "gemm_1_weights_array",
                    "offset": 8256,
                    "size": 1024
                },
                {
                    "buffer_name": "gemm_2_bias_array",
                    "offset": 9408,
                    "size": 4
                },
                {
                    "buffer_name": "gemm_2_weights_array",
                    "offset": 9344,
                    "size": 64
                }
            ],
            "pool_size": -1,
            "used_size": 9412
        }
    }
}