{
    "_allocate_inputs": 4,
    "_allocate_outputs": 4,
    "cli_parameters": "generate --target stm32l4 --name network -m C:/Users/user/PycharmProjects/pythonProject2/.venv/Lib/model.tflite --compression none --verbosity 1 --allocate-inputs --allocate-outputs --workspace C:/Users/user/AppData/Local/Temp/mxAI_workspace3181673066660014442583673831425790 --output C:/Users/user/.stm32cubemx/network_output",
    "cli_version": {
        "extra": "19802",
        "major": 9,
        "micro": 0,
        "minor": 0
    },
    "cli_version_str": "9.0.0-19802",
    "code_size": 0,
    "compression": [],
    "date_time": "Sun Jun 16 20:06:59 2024",
    "error": 0,
    "error_str": [],
    "exec_cmd": "generate",
    "exec_duration": 0.0,
    "hash": "0xdf8d1aeb761ef6e7b2a2435ae449891d",
    "inputs": [
        "serving_default_keras_tensor0"
    ],
    "layers": [
        {
            "c_id": [
                0,
                1
            ],
            "extras": {
                "n_macc": 0,
                "n_params": 0,
                "psize": 0,
                "rom_output": {
                    "c_size": 512,
                    "fmt": {
                        "format": "float"
                    },
                    "shape": [
                        128
                    ]
                },
                "rom_size": 8256
            },
            "id": 0,
            "inputs": [],
            "name": "serving_default_keras_tensor0",
            "original": "",
            "type": "Input"
        },
        {
            "c_id": [],
            "extras": {
                "n_macc": 0,
                "n_params": 2048,
                "psize": 8192,
                "rom_size": 0
            },
            "id": 0,
            "inputs": [],
            "name": "sequential_1_dense_1_MatMul",
            "original": "",
            "type": "Placeholder"
        },
        {
            "c_id": [],
            "extras": {
                "n_macc": 0,
                "n_params": 16,
                "psize": 64,
                "rom_size": 0
            },
            "id": 0,
            "inputs": [],
            "name": "sequential_1_dense_1_Add_ReadVariableOp",
            "original": "",
            "type": "Placeholder"
        },
        {
            "c_id": [],
            "extras": {
                "n_macc": 2064,
                "n_params": 0,
                "psize": 0,
                "rom_output": {
                    "c_size": 64,
                    "fmt": {
                        "format": "float"
                    },
                    "shape": [
                        16
                    ]
                },
                "rom_size": 0
            },
            "id": 0,
            "inputs": [
                "serving_default_keras_tensor0",
                "sequential_1_dense_1_MatMul",
                "sequential_1_dense_1_Add_ReadVariableOp"
            ],
            "name": "gemm_0",
            "original": "FULLY_CONNECTED",
            "type": "Gemm"
        },
        {
            "c_id": [],
            "extras": {
                "n_macc": 16,
                "n_params": 0,
                "psize": 0,
                "rom_output": {
                    "c_size": 64,
                    "fmt": {
                        "format": "float"
                    },
                    "shape": [
                        16
                    ]
                },
                "rom_size": 0
            },
            "id": 0,
            "inputs": [
                "gemm_0"
            ],
            "name": "nl_0_nl",
            "original": "FULLY_CONNECTED",
            "type": "Nonlinearity"
        },
        {
            "c_id": [
                2,
                3
            ],
            "extras": {
                "n_macc": 0,
                "n_params": 256,
                "psize": 1024,
                "rom_size": 1088
            },
            "id": 1,
            "inputs": [],
            "name": "arith_constant1",
            "original": "",
            "type": "Placeholder"
        },
        {
            "c_id": [],
            "extras": {
                "n_macc": 0,
                "n_params": 16,
                "psize": 64,
                "rom_size": 0
            },
            "id": 1,
            "inputs": [],
            "name": "sequential_1_dense_1_2_Add_ReadVariableOp",
            "original": "",
            "type": "Placeholder"
        },
        {
            "c_id": [],
            "extras": {
                "n_macc": 272,
                "n_params": 0,
                "psize": 0,
                "rom_output": {
                    "c_size": 64,
                    "fmt": {
                        "format": "float"
                    },
                    "shape": [
                        16
                    ]
                },
                "rom_size": 0
            },
            "id": 1,
            "inputs": [
                "nl_0_nl",
                "arith_constant1",
                "sequential_1_dense_1_2_Add_ReadVariableOp"
            ],
            "name": "gemm_1",
            "original": "FULLY_CONNECTED",
            "type": "Gemm"
        },
        {
            "c_id": [],
            "extras": {
                "n_macc": 16,
                "n_params": 0,
                "psize": 0,
                "rom_output": {
                    "c_size": 64,
                    "fmt": {
                        "format": "float"
                    },
                    "shape": [
                        16
                    ]
                },
                "rom_size": 0
            },
            "id": 1,
            "inputs": [
                "gemm_1"
            ],
            "name": "nl_1_nl",
            "original": "FULLY_CONNECTED",
            "type": "Nonlinearity"
        },
        {
            "c_id": [
                4
            ],
            "extras": {
                "n_macc": 0,
                "n_params": 16,
                "psize": 64,
                "rom_size": 68
            },
            "id": 2,
            "inputs": [],
            "name": "arith_constant",
            "original": "",
            "type": "Placeholder"
        },
        {
            "c_id": [],
            "extras": {
                "n_macc": 0,
                "n_params": 1,
                "psize": 4,
                "rom_size": 0
            },
            "id": 2,
            "inputs": [],
            "name": "arith_constant2",
            "original": "",
            "type": "Placeholder"
        },
        {
            "c_id": [],
            "extras": {
                "n_macc": 17,
                "n_params": 0,
                "psize": 0,
                "rom_output": {
                    "c_size": 4,
                    "fmt": {
                        "format": "float"
                    },
                    "shape": [
                        1
                    ]
                },
                "rom_size": 0
            },
            "id": 2,
            "inputs": [
                "nl_1_nl",
                "arith_constant",
                "arith_constant2"
            ],
            "name": "gemm_2",
            "original": "FULLY_CONNECTED",
            "type": "Gemm"
        },
        {
            "c_id": [
                5
            ],
            "extras": {
                "n_macc": 10,
                "n_params": 0,
                "psize": 0,
                "rom_output": {
                    "c_size": 4,
                    "fmt": {
                        "format": "float"
                    },
                    "shape": [
                        1
                    ]
                },
                "rom_size": 0
            },
            "id": 3,
            "inputs": [
                "gemm_2"
            ],
            "name": "nl_3",
            "original": "LOGISTIC",
            "type": "Nonlinearity"
        }
    ],
    "model_files": [
        "C:\\Users\\user\\PycharmProjects\\pythonProject2\\.venv\\Lib\\model.tflite"
    ],
    "model_n_params": 2353,
    "model_name": "model",
    "model_size": 9412,
    "model_type": "tflite",
    "name": "network",
    "outputs": [
        "nl_3"
    ],
    "ram_io_size": [
        0,
        0
    ],
    "ram_size": 576,
    "report_version": 1.1,
    "rom_cfact": 1.0,
    "rom_heap_inspector": 2048,
    "rom_inputs": [
        {
            "c_size": 512,
            "c_type": "float",
            "name": "serving_default_keras_tensor0"
        }
    ],
    "rom_n_macc": 2395,
    "rom_outputs": [
        {
            "c_size": 4,
            "c_type": "float",
            "name": "nl_3"
        }
    ],
    "rom_size": 9412,
    "strategy": "",
    "tools_api_version": "9.0.0-19802",
    "tools_version": "9.0.0-19802",
    "val_error": -1.0,
    "val_error_desc": "None (None) #-1",
    "val_metrics": []
}