{
  "buffers": [
    {
      "alignment": 4,
      "batch": 0,
      "channel_first": true,
      "channel_last": true,
      "epochs": {
        "end": 1,
        "start": 0
      },
      "flags": "STAI_FLAG_WEIGHTS|STAI_FLAG_CONST|STAI_FLAG_PREALLOCATED",
      "format": "STAI_FORMAT_FLOAT",
      "id": 87,
      "intq": {
        "axis": null,
        "offsets": [],
        "scales": []
      },
      "is_param": true,
      "mpool_id": 1,
      "name": "gemm_0_bias_array",
      "nbits": 32,
      "offset_start": 8192,
      "qmn": {},
      "shape": [
        16
      ],
      "shape_map": [
        "CH"
      ],
      "size_bytes": 64
    },
    {
      "alignment": 4,
      "batch": 0,
      "channel_first": true,
      "channel_last": true,
      "epochs": {
        "end": 6,
        "start": 3
      },
      "flags": "STAI_FLAG_ACTIVATIONS|STAI_FLAG_PREALLOCATED",
      "format": "STAI_FORMAT_FLOAT",
      "id": 72,
      "intq": {
        "axis": null,
        "offsets": [],
        "scales": []
      },
      "is_param": false,
      "mpool_id": 0,
      "name": "gemm_0_output_array",
      "nbits": 32,
      "offset_start": 512,
      "qmn": {},
      "shape": [
        16
      ],
      "shape_map": [
        "CH"
      ],
      "size_bytes": 64
    },
    {
      "alignment": 4,
      "batch": 0,
      "channel_first": true,
      "channel_last": true,
      "epochs": {
        "end": 1,
        "start": 0
      },
      "flags": "STAI_FLAG_WEIGHTS|STAI_FLAG_CONST|STAI_FLAG_PREALLOCATED",
      "format": "STAI_FORMAT_FLOAT",
      "id": 84,
      "intq": {
        "axis": null,
        "offsets": [],
        "scales": []
      },
      "is_param": true,
      "mpool_id": 1,
      "name": "gemm_0_weights_array",
      "nbits": 32,
      "offset_start": 0,
      "qmn": {},
      "shape": [
        16,
        128
      ],
      "shape_map": [
        "CH",
        "CH_IN"
      ],
      "size_bytes": 8192
    },
    {
      "alignment": 4,
      "batch": 0,
      "channel_first": true,
      "channel_last": true,
      "epochs": {
        "end": 1,
        "start": 0
      },
      "flags": "STAI_FLAG_WEIGHTS|STAI_FLAG_CONST|STAI_FLAG_PREALLOCATED",
      "format": "STAI_FORMAT_FLOAT",
      "id": 93,
      "intq": {
        "axis": null,
        "offsets": [],
        "scales": []
      },
      "is_param": true,
      "mpool_id": 1,
      "name": "gemm_1_bias_array",
      "nbits": 32,
      "offset_start": 9280,
      "qmn": {},
      "shape": [
        16
      ],
      "shape_map": [
        "CH"
      ],
      "size_bytes": 64
    },
    {
      "alignment": 4,
      "batch": 0,
      "channel_first": true,
      "channel_last": true,
      "epochs": {
        "end": 10,
        "start": 7
      },
      "flags": "STAI_FLAG_ACTIVATIONS|STAI_FLAG_PREALLOCATED",
      "format": "STAI_FORMAT_FLOAT",
      "id": 76,
      "intq": {
        "axis": null,
        "offsets": [],
        "scales": []
      },
      "is_param": false,
      "mpool_id": 0,
      "name": "gemm_1_output_array",
      "nbits": 32,
      "offset_start": 64,
      "qmn": {},
      "shape": [
        16
      ],
      "shape_map": [
        "CH"
      ],
      "size_bytes": 64
    },
    {
      "alignment": 4,
      "batch": 0,
      "channel_first": true,
      "channel_last": true,
      "epochs": {
        "end": 1,
        "start": 0
      },
      "flags": "STAI_FLAG_WEIGHTS|STAI_FLAG_CONST|STAI_FLAG_PREALLOCATED",
      "format": "STAI_FORMAT_FLOAT",
      "id": 90,
      "intq": {
        "axis": null,
        "offsets": [],
        "scales": []
      },
      "is_param": true,
      "mpool_id": 1,
      "name": "gemm_1_weights_array",
      "nbits": 32,
      "offset_start": 8256,
      "qmn": {},
      "shape": [
        16,
        16
      ],
      "shape_map": [
        "CH",
        "CH_IN"
      ],
      "size_bytes": 1024
    },
    {
      "alignment": 4,
      "batch": 0,
      "channel_first": true,
      "channel_last": true,
      "epochs": {
        "end": 1,
        "start": 0
      },
      "flags": "STAI_FLAG_WEIGHTS|STAI_FLAG_CONST|STAI_FLAG_PREALLOCATED",
      "format": "STAI_FORMAT_FLOAT",
      "id": 99,
      "intq": {
        "axis": null,
        "offsets": [],
        "scales": []
      },
      "is_param": true,
      "mpool_id": 1,
      "name": "gemm_2_bias_array",
      "nbits": 32,
      "offset_start": 9408,
      "qmn": {},
      "shape": [
        1
      ],
      "shape_map": [
        "CH"
      ],
      "size_bytes": 4
    },
    {
      "alignment": 4,
      "batch": 0,
      "channel_first": true,
      "channel_last": true,
      "epochs": {
        "end": 14,
        "start": 11
      },
      "flags": "STAI_FLAG_ACTIVATIONS|STAI_FLAG_PREALLOCATED",
      "format": "STAI_FORMAT_FLOAT",
      "id": 80,
      "intq": {
        "axis": null,
        "offsets": [],
        "scales": []
      },
      "is_param": false,
      "mpool_id": 0,
      "name": "gemm_2_output_array",
      "nbits": 32,
      "offset_start": 64,
      "qmn": {},
      "shape": [
        1
      ],
      "shape_map": [
        "CH"
      ],
      "size_bytes": 4
    },
    {
      "alignment": 4,
      "batch": 0,
      "channel_first": true,
      "channel_last": true,
      "epochs": {
        "end": 1,
        "start": 0
      },
      "flags": "STAI_FLAG_WEIGHTS|STAI_FLAG_CONST|STAI_FLAG_PREALLOCATED",
      "format": "STAI_FORMAT_FLOAT",
      "id": 96,
      "intq": {
        "axis": null,
        "offsets": [],
        "scales": []
      },
      "is_param": true,
      "mpool_id": 1,
      "name": "gemm_2_weights_array",
      "nbits": 32,
      "offset_start": 9344,
      "qmn": {},
      "shape": [
        1,
        16
      ],
      "shape_map": [
        "CH",
        "CH_IN"
      ],
      "size_bytes": 64
    },
    {
      "alignment": 4,
      "batch": 0,
      "channel_first": true,
      "channel_last": true,
      "epochs": {
        "end": 8,
        "start": 5
      },
      "flags": "STAI_FLAG_ACTIVATIONS|STAI_FLAG_PREALLOCATED",
      "format": "STAI_FORMAT_FLOAT",
      "id": 74,
      "intq": {
        "axis": null,
        "offsets": [],
        "scales": []
      },
      "is_param": false,
      "mpool_id": 0,
      "name": "nl_0_nl_output_array",
      "nbits": 32,
      "offset_start": 0,
      "qmn": {},
      "shape": [
        16
      ],
      "shape_map": [
        "CH"
      ],
      "size_bytes": 64
    },
    {
      "alignment": 4,
      "batch": 0,
      "channel_first": true,
      "channel_last": true,
      "epochs": {
        "end": 12,
        "start": 9
      },
      "flags": "STAI_FLAG_ACTIVATIONS|STAI_FLAG_PREALLOCATED",
      "format": "STAI_FORMAT_FLOAT",
      "id": 78,
      "intq": {
        "axis": null,
        "offsets": [],
        "scales": []
      },
      "is_param": false,
      "mpool_id": 0,
      "name": "nl_1_nl_output_array",
      "nbits": 32,
      "offset_start": 0,
      "qmn": {},
      "shape": [
        16
      ],
      "shape_map": [
        "CH"
      ],
      "size_bytes": 64
    },
    {
      "alignment": 4,
      "batch": 0,
      "channel_first": true,
      "channel_last": true,
      "epochs": {
        "end": 15,
        "start": 13
      },
      "flags": "STAI_FLAG_OUTPUTS|STAI_FLAG_ACTIVATIONS|STAI_FLAG_PREALLOCATED",
      "format": "STAI_FORMAT_FLOAT",
      "id": 82,
      "intq": {
        "axis": null,
        "offsets": [],
        "scales": []
      },
      "is_param": false,
      "mpool_id": 0,
      "name": "nl_3_output_array",
      "nbits": 32,
      "offset_start": 0,
      "qmn": {},
      "shape": [
        1
      ],
      "shape_map": [
        "CH"
      ],
      "size_bytes": 4
    },
    {
      "alignment": 4,
      "batch": 0,
      "channel_first": true,
      "channel_last": true,
      "epochs": {
        "end": 4,
        "start": 2
      },
      "flags": "STAI_FLAG_INPUTS|STAI_FLAG_ACTIVATIONS|STAI_FLAG_PREALLOCATED",
      "format": "STAI_FORMAT_FLOAT",
      "id": 70,
      "intq": {
        "axis": null,
        "offsets": [],
        "scales": []
      },
      "is_param": false,
      "mpool_id": 0,
      "name": "serving_default_keras_tensor0_output_array",
      "nbits": 32,
      "offset_start": 0,
      "qmn": {},
      "shape": [
        128
      ],
      "shape_map": [
        "CH"
      ],
      "size_bytes": 512
    }
  ],
  "environment": {
    "device": null,
    "generated_model": {
      "generated_time": "Sun Jun 16 20:06:59 2024",
      "model_files": [
        {
          "name": "network_data_params.h",
          "signature": "0x17c7339bd2d9ac8713fe1b00b5975b35"
        },
        {
          "name": "network_data_params.c",
          "signature": "0x5c49cd31d4e3caa82885e4bc37818f55"
        },
        {
          "name": "network_data.h",
          "signature": "0x38ff4d1187e4edd36c3d227d1d32af04"
        },
        {
          "name": "network_data.c",
          "signature": "0xaa749da833e0293843ff67c96a975141"
        },
        {
          "name": "network_config.h",
          "signature": "0xb9042b5ef4391374084f51737a16c21d"
        },
        {
          "name": "network.h",
          "signature": "0x737bcd8f9d5965a1a943286016a25f7b"
        },
        {
          "name": "network.c",
          "signature": "0x782475b040db38b2c40b8edd932cfefd"
        }
      ],
      "n_params": null,
      "name": "network",
      "size": null,
      "type": null
    },
    "network_signature": "0xb48464a72c309162",
    "test_name": "",
    "tools": [
      {
        "arguments": "generate --target stm32l4 --name network -m C:/Users/user/PycharmProjects/pythonProject2/.venv/Lib/model.tflite --compression none --verbosity 1 --allocate-inputs --allocate-outputs --workspace C:/Users/user/AppData/Local/Temp/mxAI_workspace3181673066660014442583673831425790 --output C:/Users/user/.stm32cubemx/network_output",
        "environment": [
          "STATS_TYPE=X-CUBE-AI"
        ],
        "input_model": {
          "generated_time": null,
          "model_files": [
            {
              "name": "model.tflite",
              "signature": "0xdf8d1aeb761ef6e7b2a2435ae449891d"
            }
          ],
          "n_params": 2353,
          "name": "model",
          "size": 9412,
          "type": "tflite"
        },
        "name": "ST.EdgeAI.Core",
        "version": "9.0.0-19802"
      }
    ]
  },
  "graphs": [
    {
      "edges": [
        {
          "attributes": null,
          "buffer": 72,
          "edge_kind": 3,
          "end": {
            "node_id": 8,
            "port": 0
          },
          "id": 0,
          "name": "n7-p0_n8-p0",
          "start": {
            "node_id": 7,
            "port": 0
          }
        },
        {
          "attributes": null,
          "buffer": 74,
          "edge_kind": 3,
          "end": {
            "node_id": 9,
            "port": 0
          },
          "id": 1,
          "name": "n8-p0_n9-p0",
          "start": {
            "node_id": 8,
            "port": 0
          }
        },
        {
          "attributes": null,
          "buffer": 76,
          "edge_kind": 3,
          "end": {
            "node_id": 10,
            "port": 0
          },
          "id": 2,
          "name": "n9-p0_n10-p0",
          "start": {
            "node_id": 9,
            "port": 0
          }
        },
        {
          "attributes": null,
          "buffer": 78,
          "edge_kind": 3,
          "end": {
            "node_id": 11,
            "port": 0
          },
          "id": 3,
          "name": "n10-p0_n11-p0",
          "start": {
            "node_id": 10,
            "port": 0
          }
        },
        {
          "attributes": null,
          "buffer": 80,
          "edge_kind": 3,
          "end": {
            "node_id": 12,
            "port": 0
          },
          "id": 4,
          "name": "n11-p0_n12-p0",
          "start": {
            "node_id": 11,
            "port": 0
          }
        },
        {
          "attributes": null,
          "buffer": 82,
          "edge_kind": 3,
          "end": {
            "node_id": 13,
            "port": 0
          },
          "id": 5,
          "name": "n12-p0_n13-p0",
          "start": {
            "node_id": 12,
            "port": 0
          }
        }
      ],
      "exec_time": {
        "counters": [],
        "cycles": null,
        "cycles_by_macc": null,
        "duration_ms": null,
        "percentage": null
      },
      "id": 0,
      "inputs": [
        70
      ],
      "name": "model",
      "nodes": [
        {
          "attributes": {
            "num_units": "16",
            "use_bias": "True"
          },
          "description": "Dense",
          "exec_time": {
            "counters": [],
            "cycles": null,
            "cycles_by_macc": null,
            "duration_ms": null,
            "percentage": null
          },
          "id": 7,
          "inputs": [
            70,
            84,
            87
          ],
          "macc": 2064,
          "mapping": "NODE_SW",
          "name": "gemm_0",
          "original_nodes": [
            "0"
          ],
          "outputs": [
            72
          ],
          "scratchs": [],
          "subgraph_nodes": [],
          "sw_functions": [
            "forward_dense"
          ]
        },
        {
          "attributes": {
            "nonlinearity": "relu"
          },
          "description": "Nonlinearity",
          "exec_time": {
            "counters": [],
            "cycles": null,
            "cycles_by_macc": null,
            "duration_ms": null,
            "percentage": null
          },
          "id": 8,
          "inputs": [
            72
          ],
          "macc": 16,
          "mapping": "NODE_SW",
          "name": "nl_0_nl",
          "original_nodes": [
            "0"
          ],
          "outputs": [
            74
          ],
          "scratchs": [],
          "subgraph_nodes": [],
          "sw_functions": [
            "forward_relu"
          ]
        },
        {
          "attributes": {
            "num_units": "16",
            "use_bias": "True"
          },
          "description": "Dense",
          "exec_time": {
            "counters": [],
            "cycles": null,
            "cycles_by_macc": null,
            "duration_ms": null,
            "percentage": null
          },
          "id": 9,
          "inputs": [
            74,
            90,
            93
          ],
          "macc": 272,
          "mapping": "NODE_SW",
          "name": "gemm_1",
          "original_nodes": [
            "1"
          ],
          "outputs": [
            76
          ],
          "scratchs": [],
          "subgraph_nodes": [],
          "sw_functions": [
            "forward_dense"
          ]
        },
        {
          "attributes": {
            "nonlinearity": "relu"
          },
          "description": "Nonlinearity",
          "exec_time": {
            "counters": [],
            "cycles": null,
            "cycles_by_macc": null,
            "duration_ms": null,
            "percentage": null
          },
          "id": 10,
          "inputs": [
            76
          ],
          "macc": 16,
          "mapping": "NODE_SW",
          "name": "nl_1_nl",
          "original_nodes": [
            "1"
          ],
          "outputs": [
            78
          ],
          "scratchs": [],
          "subgraph_nodes": [],
          "sw_functions": [
            "forward_relu"
          ]
        },
        {
          "attributes": {
            "num_units": "1",
            "use_bias": "True"
          },
          "description": "Dense",
          "exec_time": {
            "counters": [],
            "cycles": null,
            "cycles_by_macc": null,
            "duration_ms": null,
            "percentage": null
          },
          "id": 11,
          "inputs": [
            78,
            96,
            99
          ],
          "macc": 17,
          "mapping": "NODE_SW",
          "name": "gemm_2",
          "original_nodes": [
            "2"
          ],
          "outputs": [
            80
          ],
          "scratchs": [],
          "subgraph_nodes": [],
          "sw_functions": [
            "forward_dense"
          ]
        },
        {
          "attributes": {
            "nonlinearity": "sigmoid"
          },
          "description": "Nonlinearity",
          "exec_time": {
            "counters": [],
            "cycles": null,
            "cycles_by_macc": null,
            "duration_ms": null,
            "percentage": null
          },
          "id": 12,
          "inputs": [
            80
          ],
          "macc": 10,
          "mapping": "NODE_SW",
          "name": "nl_3",
          "original_nodes": [
            "3"
          ],
          "outputs": [
            82
          ],
          "scratchs": [],
          "subgraph_nodes": [],
          "sw_functions": [
            "forward_sigmoid"
          ]
        }
      ],
      "outputs": [
        82
      ]
    }
  ],
  "json_schema_version": "2.0",
  "memory_accesses": [],
  "memory_footprint": {
    "activations": 576,
    "io": [
      0,
      0
    ],
    "kernel_flash": null,
    "kernel_ram": null,
    "series": "generic",
    "toolchain": null,
    "toolchain_flash": null,
    "toolchain_ram": null,
    "weights": 9412
  },
  "memory_pools": [
    {
      "address": "NULL",
      "alignment": 4,
      "attributes": {
        "latency": "HIGH",
        "score": 768,
        "throughput": "LOW"
      },
      "buffers": [
        70,
        72,
        74,
        76,
        78,
        80,
        82
      ],
      "cacheable": null,
      "id": 0,
      "name": "heap_overlay_pool",
      "offset_start": 0,
      "pipelined": null,
      "rights": "ACC_WRITE",
      "size_bytes": -1,
      "subpools": [],
      "used_size_bytes": 576,
      "user_allocated": false,
      "virtual": false
    },
    {
      "address": "NULL",
      "alignment": 0,
      "attributes": {
        "latency": "UNDEF",
        "score": 0,
        "throughput": "UNDEF"
      },
      "buffers": [
        84,
        87,
        90,
        93,
        96,
        99
      ],
      "cacheable": null,
      "id": 1,
      "name": "weights_array",
      "offset_start": 0,
      "pipelined": null,
      "rights": "ACC_READ",
      "size_bytes": -1,
      "subpools": [],
      "used_size_bytes": 9412,
      "user_allocated": false,
      "virtual": false
    }
  ],
  "power_estimates": [],
  "validation": {
    "val_error": null,
    "val_error_desc": null,
    "val_metrics": []
  }
}